菜名,分类,必需食材,可选食材,英文名
西红柿炒鸡蛋,家常热菜,番茄|鸡蛋,小葱,scrambled eggs with tomatoes
韭菜炒鸡蛋,家常热菜,韭菜|鸡蛋,,scrambled eggs with Chinese chives
洋葱炒鸡蛋,家常热菜,洋葱|鸡蛋,,scrambled eggs with onions
苦瓜炒鸡蛋,家常热菜,苦瓜|鸡蛋,,scrambled eggs with bitter melon
黄瓜炒鸡蛋,家常热菜,黄瓜|鸡蛋,,scrambled eggs with cucumber
木耳炒鸡蛋,家常热菜,木耳|鸡蛋,,scrambled eggs with wood ear mushrooms
青椒炒鸡蛋,家常热菜,青椒|鸡蛋,,scrambled eggs with green peppers
蒸蛋羹,家常热菜,鸡蛋,小葱|芝麻油,steamed egg custard
虎皮鸡蛋,家常热菜,鸡蛋,酱油|冰糖,deep fried eggs in soy sauce glaze
木须肉,家常热菜,鸡蛋|猪肉|木耳,黄瓜,sauteed pork with egg and wood ear
红烧肉,家常热菜,五花肉,冰糖|生姜|八角|料酒,braised pork belly in dark soy sauce
回锅肉,家常热菜,五花肉|青椒,豆瓣酱|蒜苗,twice cooked pork with green peppers
青椒炒肉丝,家常热菜,猪肉|青椒,大蒜,shredded pork with green peppers
鱼香肉丝,家常热菜,猪肉|木耳|胡萝卜,青椒|豆瓣酱,shredded pork in garlic sauce
糖醋里脊,家常热菜,里脊肉,番茄酱|白砂糖|醋,sweet and sour pork tenderloin
京酱肉丝,家常热菜,里脊肉|大葱,甜面酱,shredded pork with sweet bean sauce
梅菜扣肉,家常热菜,五花肉,雪菜|酱油,steamed pork belly with preserved mustard greens
蒜泥白肉,家常热菜,五花肉,大蒜|辣椒油,sliced pork belly with garlic sauce
粉蒸肉,家常热菜,五花肉,大米|红薯,steamed pork belly with rice flour
红烧排骨,家常热菜,排骨,冰糖|酱油|生姜,braised pork ribs
糖醋排骨,家常热菜,排骨,白砂糖|醋,sweet and sour pork ribs
肉末茄子,家常热菜,猪肉馅|茄子,大蒜|小葱,braised eggplant with minced pork
肉末豆腐,家常热菜,猪肉馅|豆腐,小葱|豆瓣酱,braised tofu with minced pork
蚂蚁上树,家常热菜,猪肉馅|粉丝,豆瓣酱|小葱,vermicelli with minced pork
猪肉炖粉条,家常热菜,五花肉|粉条,大白菜,braised pork with glass noodles
白菜炖粉条,家常热菜,大白菜|粉条,猪肉,braised napa cabbage with glass noodles
狮子头,家常热菜,猪肉馅,荸荠|鸡蛋,braised pork meatballs
芹菜炒肉,家常热菜,芹菜|猪肉,,stir fried pork with celery
蒜薹炒肉,家常热菜,蒜苗|猪肉,,stir fried pork with garlic shoots
土豆炖肉,家常热菜,土豆|五花肉,胡萝卜,braised pork with potatoes
西红柿牛腩,家常热菜,番茄|牛腩,洋葱,tomato beef brisket stew
土豆炖牛肉,家常热菜,土豆|牛肉,胡萝卜,beef and potato stew
黑椒牛柳,家常热菜,牛排|洋葱,黑胡椒,black pepper beef stir fry
蚝油牛肉,家常热菜,牛肉|蚝油,青椒,beef in oyster sauce
水煮牛肉,家常热菜,牛肉|黄豆芽,干辣椒|花椒,poached sliced beef in chili oil
小炒黄牛肉,家常热菜,牛肉|辣椒,大蒜,hunan style stir fried beef with chili
孜然牛肉,家常热菜,牛肉|孜然,洋葱,cumin beef stir fry
洋葱炒牛肉,家常热菜,洋葱|牛肉,,stir fried beef with onions
葱爆羊肉,家常热菜,羊肉|大葱,,scallion stir fried lamb
孜然羊肉,家常热菜,羊肉|孜然,洋葱,cumin lamb stir fry
白萝卜炖羊肉,家常热菜,白萝卜|羊肉,生姜,braised lamb with radish
宫保鸡丁,家常热菜,鸡胸肉|花生,干辣椒|大葱|花椒,kung pao chicken with peanuts
辣子鸡,家常热菜,鸡腿|干辣椒,花椒|大蒜,chongqing spicy chicken
黄焖鸡,家常热菜,鸡腿|香菇,青椒|土豆,braised chicken with mushrooms
大盘鸡,家常热菜,鸡腿|土豆,青椒|面条,xinjiang big plate chicken
三杯鸡,家常热菜,鸡腿,生姜|罗勒|芝麻油,three cup chicken
可乐鸡翅,家常热菜,鸡翅,可乐|生姜,coca cola chicken wings
白切鸡,家常热菜,鸡肉,生姜|小葱,cantonese poached chicken
口水鸡,家常热菜,鸡腿,辣椒油|花生|小葱,sichuan mouth watering chicken
香菇滑鸡,家常热菜,鸡腿|香菇,生姜|蚝油,steamed chicken with shiitake mushrooms
土豆炖鸡,家常热菜,土豆|鸡肉,胡萝卜,chicken and potato stew
咖喱鸡,家常热菜,鸡腿|咖喱粉,土豆|胡萝卜|洋葱,chicken curry
左宗棠鸡,家常热菜,鸡腿,干辣椒|番茄酱,general tso chicken
啤酒鸭,家常热菜,鸭肉|啤酒,生姜|八角,beer braised duck
酸萝卜老鸭汤,汤羹,鸭肉|白萝卜,生姜|酸菜,sour radish duck soup
盐水鸭,家常热菜,鸭肉,花椒|生姜,nanjing salted duck
鸭血粉丝汤,汤羹,鸭血|粉丝,鸭胗|小葱,duck blood vermicelli soup
清蒸鲈鱼,家常热菜,鲈鱼,大葱|生姜,steamed sea bass with scallions
红烧鱼,家常热菜,鲫鱼,生姜|酱油|料酒,braised fish in soy sauce
糖醋鱼,家常热菜,草鱼,番茄酱|白砂糖,sweet and sour fish
酸菜鱼,家常热菜,黑鱼|酸菜,泡菜|干辣椒,sichuan pickled cabbage fish
水煮鱼,家常热菜,草鱼|黄豆芽,干辣椒|花椒,sichuan boiled fish in chili oil
烤鱼,家常热菜,草鱼,土豆|洋葱|干辣椒,grilled fish with vegetables
鱼头豆腐汤,汤羹,鳙鱼|豆腐,生姜|小葱,fish head tofu soup
番茄鱼,家常热菜,番茄|黑鱼,生姜,tomato fish fillet soup
香煎带鱼,家常热菜,带鱼,面粉|生姜,pan fried hairtail fish
红烧带鱼,家常热菜,带鱼,生姜|酱油|料酒,braised hairtail fish
清蒸鲳鱼,家常热菜,鲳鱼,大葱|生姜,steamed pomfret
白灼虾,家常热菜,虾,生姜|生抽,boiled shrimp with dipping sauce
油焖大虾,家常热菜,虾,番茄酱|白砂糖,braised prawns in tomato sauce
蒜蓉粉丝虾,家常热菜,虾|粉丝|大蒜,小葱,garlic shrimp with vermicelli
虾仁炒蛋,家常热菜,虾仁|鸡蛋,小葱,scrambled eggs with shrimp
椒盐虾,家常热菜,虾,花椒|食盐,salt and pepper shrimp
香辣蟹,家常热菜,螃蟹|干辣椒,花椒|大蒜,spicy stir fried crab
蒜蓉扇贝,家常热菜,扇贝|大蒜|粉丝,小葱,garlic steamed scallops
爆炒鱿鱼,家常热菜,鱿鱼|青椒,洋葱|大蒜,stir fried squid with peppers
蛤蜊汤,汤羹,蛤蜊,生姜|小葱,clam soup
麻婆豆腐,家常热菜,豆腐|猪肉馅,豆瓣酱|花椒|小葱,mapo tofu
家常豆腐,家常热菜,豆腐|青椒,胡萝卜|木耳,home style braised tofu
红烧豆腐,家常热菜,豆腐,小葱|蚝油,braised tofu in brown sauce
酿豆腐,家常热菜,豆腐|猪肉馅,小葱,stuffed tofu
香干炒肉,家常热菜,豆干|猪肉,青椒,stir fried pork with dried tofu
腐竹烧肉,家常热菜,腐竹|五花肉,酱油,braised pork with dried bean curd sticks
清炒西兰花,家常热菜,西兰花,大蒜,stir fried broccoli with garlic
蒜蓉西兰花,家常热菜,西兰花|大蒜,,garlic broccoli
手撕包菜,家常热菜,大白菜|干辣椒,大蒜,hand torn cabbage stir fry
醋溜白菜,家常热菜,大白菜|醋,干辣椒,sweet and sour cabbage
干煸四季豆,家常热菜,四季豆|猪肉馅,干辣椒|大蒜,dry fried green beans
地三鲜,家常热菜,土豆|茄子|青椒,大蒜,three treasure vegetables
红烧茄子,家常热菜,茄子,大蒜|酱油|白砂糖,braised eggplant
鱼香茄子,家常热菜,茄子|猪肉馅,豆瓣酱|大蒜,eggplant in garlic sauce
蒜泥茄子,家常热菜,茄子|大蒜,芝麻油,steamed eggplant with garlic
清炒荷兰豆,家常热菜,荷兰豆,大蒜,stir fried snow peas
上汤娃娃菜,家常热菜,娃娃菜,皮蛋,braised baby napa cabbage in broth
清炒油麦菜,家常热菜,油麦菜,大蒜,stir fried leaf lettuce
蒜蓉菠菜,家常热菜,菠菜|大蒜,,garlic spinach
清炒空心菜,家常热菜,空心菜,大蒜,stir fried water spinach
炒土豆丝,家常热菜,土豆,青椒|醋,stir fried shredded potatoes
醋溜土豆丝,家常热菜,土豆|醋,干辣椒,sweet and sour potato shreds
干锅花菜,家常热菜,花椰菜|五花肉,干辣椒|大蒜,dry pot cauliflower with pork
清炒藕片,家常热菜,莲藕,大蒜|小葱,stir fried lotus root slices
蚝油生菜,家常热菜,生菜|蚝油,大蒜,lettuce in oyster sauce
清炒丝瓜,家常热菜,丝瓜,大蒜,stir fried loofah
西红柿炒菜花,家常热菜,番茄|花椰菜,,stir fried cauliflower with tomatoes
炒豆芽,家常热菜,绿豆芽,韭菜|大蒜,stir fried bean sprouts
香菇青菜,家常热菜,香菇|上海青,蚝油,shiitake mushrooms with bok choy
清炒莴笋,家常热菜,莴笋,大蒜,stir fried celtuce
清炒芦笋,家常热菜,芦笋,大蒜,stir fried asparagus
炒南瓜,家常热菜,南瓜,大蒜,stir fried pumpkin
西葫芦炒蛋,家常热菜,西葫芦|鸡蛋,,scrambled eggs with zucchini
凉拌黄瓜,凉菜,黄瓜|大蒜,醋|芝麻油,smashed cucumber salad
凉拌木耳,凉菜,木耳,青椒|醋|大蒜,wood ear mushroom salad
凉拌海带丝,凉菜,海带|大蒜,醋|辣椒油,shredded kelp salad
皮蛋豆腐,凉菜,皮蛋|豆腐,小葱|芝麻油,century egg with tofu
凉拌三丝,凉菜,胡萝卜|黄瓜|粉丝,醋|芝麻油,three shredded vegetable salad
凉拌粉丝,凉菜,粉丝|黄瓜,醋|大蒜,vermicelli salad
凉拌腐竹,凉菜,腐竹|黄瓜,醋|大蒜,dried bean curd stick salad
醋泡花生,凉菜,花生|醋,芹菜,pickled peanuts in vinegar
凉拌莴笋丝,凉菜,莴笋|胡萝卜,醋|芝麻油,shredded celtuce salad
蒜泥黄瓜,凉菜,黄瓜|大蒜,醋,garlic cucumber salad
凉拌豆干,凉菜,豆干|芹菜,醋|辣椒油,dried tofu salad
泡椒凤爪,凉菜,鸡爪|泡菜,花椒,chicken feet with pickled peppers
蛋炒饭,主食,鸡蛋|大米,小葱|火腿,egg fried rice
扬州炒饭,主食,鸡蛋|大米|虾仁,火腿|青豆|胡萝卜,yangzhou fried rice
番茄鸡蛋面,主食,番茄|鸡蛋|面条,小葱,tomato and egg noodle soup
炸酱面,主食,面条|猪肉馅|黄豆酱,黄瓜|黄豆芽,zhajiangmian noodles with soybean paste
葱油拌面,主食,面条|小葱,酱油|芝麻油,scallion oil noodles
阳春面,主食,面条|小葱,猪油|酱油,plain noodle soup
炒面,主食,面条|大白菜,胡萝卜|猪肉,stir fried noodles
牛肉面,主食,面条|牛肉,白萝卜|香菜,beef noodle soup
饺子,主食,饺子皮|猪肉馅,大白菜|韭菜,chinese dumplings
包子,主食,面粉|猪肉馅,大白菜|酵母,steamed pork buns
馄饨,主食,馄饨皮|猪肉馅,紫菜,wonton soup
手抓饼,主食,面粉|鸡蛋,生菜|火腿,flaky scallion pancake
葱油饼,主食,面粉|小葱,食盐,scallion pancake
馒头,主食,面粉|酵母,,steamed buns
花卷,主食,面粉|酵母|小葱,,steamed scallion rolls
煲仔饭,主食,大米|香肠|鸡蛋,上海青,claypot rice with chinese sausage
咖喱饭,主食,大米|咖喱粉|土豆,胡萝卜|鸡腿,curry rice
卤肉饭,主食,大米|五花肉,鸡蛋|酱油,taiwanese braised pork rice
炒河粉,主食,河粉|牛肉|黄豆芽,洋葱|小葱,beef chow fun
炒米粉,主食,米粉|胡萝卜|大白菜,猪肉|香菇,stir fried rice vermicelli
酸辣粉,主食,红薯粉条|醋|辣椒油,花生|香菜,hot and sour sweet potato noodles
螺蛳粉,主食,米粉|酸笋,花生|腐竹|酸豆角,luosifen rice noodles
凉皮,主食,面粉|黄瓜|醋,大蒜|辣椒油,cold skin noodles
小米粥,早餐,小米,红枣干|南瓜,millet porridge
皮蛋瘦肉粥,早餐,大米|皮蛋|猪肉,小葱,century egg and pork congee
白粥,早餐,大米,,plain rice congee
豆浆油条,早餐,黄豆|面粉,,soy milk with fried dough sticks
三明治,早餐,面包|鸡蛋|生菜,火腿|番茄,sandwich
牛奶麦片,早餐,牛奶|燕麦,,milk with oatmeal
蒸红薯,早餐,红薯,,steamed sweet potatoes
煮玉米,早餐,玉米,,boiled corn on the cob
茶叶蛋,早餐,鸡蛋|红茶,酱油|八角,tea eggs
煎荷包蛋,早餐,鸡蛋,食盐|黑胡椒,fried eggs sunny side up
紫菜蛋花汤,汤羹,紫菜|鸡蛋,小葱,seaweed egg drop soup
西红柿鸡蛋汤,汤羹,番茄|鸡蛋,小葱,tomato egg drop soup
冬瓜排骨汤,汤羹,冬瓜|排骨,生姜|小葱,winter melon pork rib soup
玉米排骨汤,汤羹,玉米|排骨,胡萝卜|生姜,corn pork rib soup
莲藕排骨汤,汤羹,莲藕|排骨,生姜,lotus root pork rib soup
山药排骨汤,汤羹,山药|排骨,生姜,chinese yam pork rib soup
老母鸡汤,汤羹,鸡肉|生姜,红枣干,chicken soup
银耳莲子汤,汤羹,银耳|莲子,红枣干|冰糖,white fungus and lotus seed soup
绿豆汤,汤羹,绿豆|白砂糖,,mung bean soup
酸辣汤,汤羹,豆腐|木耳|鸡蛋,醋|白胡椒,hot and sour soup
罗宋汤,汤羹,番茄|牛肉|土豆,胡萝卜|洋葱,borscht soup
菌菇汤,汤羹,香菇|金针菇|平菇,,mushroom soup
南瓜汤,汤羹,南瓜|牛奶,淡奶油,pumpkin soup
玉米浓汤,汤羹,玉米|牛奶,黄油|面粉,corn chowder soup
味噌汤,汤羹,味噌|豆腐,紫菜|小葱,miso soup
番茄汤,汤羹,番茄|鸡蛋,洋葱,tomato soup
紫菜汤,汤羹,紫菜|鸡蛋,,seaweed soup
春卷,小吃点心,春卷皮|大白菜|胡萝卜,猪肉,spring rolls
锅贴,小吃点心,饺子皮|猪肉馅,大白菜,potstickers
煎饺,小吃点心,饺子皮|猪肉馅|大白菜,,pan fried dumplings
炸鸡翅,小吃点心,鸡翅|面粉,黑胡椒|鸡蛋,fried chicken wings
南瓜饼,小吃点心,南瓜|糯米粉,白砂糖,pumpkin pancakes
红薯饼,小吃点心,红薯|面粉,白砂糖,sweet potato pancakes
糯米糍,小吃点心,糯米粉|红豆,椰蓉,glutinous rice balls with red bean
汤圆,小吃点心,糯米粉,白砂糖,tangyuan glutinous rice balls
粽子,小吃点心,糯米|五花肉,,zongzi sticky rice dumpling
麻花,小吃点心,面粉|白砂糖,鸡蛋,fried dough twists
蛋挞,小吃点心,面粉|鸡蛋|牛奶,黄油,egg tarts
爆米花,小吃点心,玉米|黄油,,popcorn
糖葫芦,小吃点心,山楂|冰糖,,candied hawthorn skewers
绿豆糕,小吃点心,绿豆|白砂糖,,mung bean cakes
凤梨酥,小吃点心,菠萝|面粉|黄油,鸡蛋,pineapple cakes
蛋黄酥,小吃点心,面粉|咸蛋|红豆,黄油,salted egg yolk pastries
芋圆,小吃点心,芋头|木薯淀粉,红豆,taro balls dessert
龟苓膏,小吃点心,蜂蜜,,turtle jelly dessert
冰淇淋,小吃点心,牛奶|淡奶油|白砂糖,,ice cream scoops
布丁,小吃点心,牛奶|鸡蛋|白砂糖,,caramel pudding
