中文名,英文名,分类,子类,状态,字节数
猪肉,pork,一、肉蛋水产类,1. 猪肉,ok(已存在),131742
五花肉,pork-belly,一、肉蛋水产类,1. 猪肉,ok,167082
里脊肉,pork-tenderloin,一、肉蛋水产类,1. 猪肉,ok,142943
排骨,pork-ribs,一、肉蛋水产类,1. 猪肉,ok,218880
猪蹄,pig-trotter,一、肉蛋水产类,1. 猪肉,ok,131134
猪肘,pork-hock,一、肉蛋水产类,1. 猪肉,ok,165130
猪肝,pork-liver,一、肉蛋水产类,1. 猪肉,ok,170975
猪肚,pork-stomach,一、肉蛋水产类,1. 猪肉,ok,181024
猪大肠,pork-intestine,一、肉蛋水产类,1. 猪肉,ok,200469
猪耳朵,pig-ear,一、肉蛋水产类,1. 猪肉,ok,168288
猪血,pig-blood,一、肉蛋水产类,1. 猪肉,ok,166416
猪皮,pork-skin,一、肉蛋水产类,1. 猪肉,ok,183611
猪肉馅,ground-pork,一、肉蛋水产类,1. 猪肉,ok,247951
培根,bacon,一、肉蛋水产类,1. 猪肉,ok,191780
火腿,ham,一、肉蛋水产类,1. 猪肉,ok,173822
香肠,sausage,一、肉蛋水产类,1. 猪肉,ok,122945
腊肉,cured-pork,一、肉蛋水产类,1. 猪肉,ok,293045
鸡肉,chicken,一、肉蛋水产类,2. 禽肉,ok,174996
鸡胸肉,chicken-breast,一、肉蛋水产类,2. 禽肉,ok,133604
鸡腿,chicken-leg,一、肉蛋水产类,2. 禽肉,ok,150986
鸡翅,chicken-wing,一、肉蛋水产类,2. 禽肉,ok,141028
鸡爪,chicken-feet,一、肉蛋水产类,2. 禽肉,ok,118885
鸡胗,chicken-gizzard,一、肉蛋水产类,2. 禽肉,ok,153774
鸡心,chicken-heart,一、肉蛋水产类,2. 禽肉,ok,157315
鸡肝,chicken-liver,一、肉蛋水产类,2. 禽肉,ok,145726
鸭肉,duck,一、肉蛋水产类,2. 禽肉,ok,189870
鸭腿,duck-leg,一、肉蛋水产类,2. 禽肉,ok,197839
鸭翅,duck-wing,一、肉蛋水产类,2. 禽肉,ok,167087
鸭脖,duck-neck,一、肉蛋水产类,2. 禽肉,ok,144057
鸭胗,duck-gizzard,一、肉蛋水产类,2. 禽肉,ok,159914
鸭血,duck-blood,一、肉蛋水产类,2. 禽肉,ok,161543
鹅肉,goose,一、肉蛋水产类,2. 禽肉,ok,163312
鸽子肉,pigeon-meat,一、肉蛋水产类,2. 禽肉,ok,172034
牛肉,beef,一、肉蛋水产类,3. 牛羊及其他肉类,ok,213643
牛腩,beef-brisket,一、肉蛋水产类,3. 牛羊及其他肉类,ok,261237
牛排,beef-steak,一、肉蛋水产类,3. 牛羊及其他肉类,ok,242100
牛腱子,beef-shank,一、肉蛋水产类,3. 牛羊及其他肉类,ok,223567
肥牛卷,beef-hotpot-roll,一、肉蛋水产类,3. 牛羊及其他肉类,ok,205808
牛肉馅,ground-beef,一、肉蛋水产类,3. 牛羊及其他肉类,ok,221799
牛筋,beef-tendon,一、肉蛋水产类,3. 牛羊及其他肉类,ok,123743
牛肚,beef-tripe,一、肉蛋水产类,3. 牛羊及其他肉类,ok,285141
羊肉,lamb,一、肉蛋水产类,3. 牛羊及其他肉类,ok,168403
羊排,lamb-chop,一、肉蛋水产类,3. 牛羊及其他肉类,ok,144401
羊肉卷,lamb-roll,一、肉蛋水产类,3. 牛羊及其他肉类,ok,190518
羊腿肉,lamb-leg,一、肉蛋水产类,3. 牛羊及其他肉类,ok,161721
羊肉馅,ground-lamb,一、肉蛋水产类,3. 牛羊及其他肉类,ok,245953
兔肉,rabbit-meat,一、肉蛋水产类,3. 牛羊及其他肉类,ok,125594
鸡蛋,egg,一、肉蛋水产类,4. 蛋类,ok(已存在),85508
鸭蛋,duck-egg,一、肉蛋水产类,4. 蛋类,ok,112449
鹌鹑蛋,quail-egg,一、肉蛋水产类,4. 蛋类,ok,154854
皮蛋,century-egg,一、肉蛋水产类,4. 蛋类,ok,114512
咸蛋,salted-duck-egg,一、肉蛋水产类,4. 蛋类,ok,102098
鲫鱼,crucian-carp,一、肉蛋水产类,5. 淡水水产,ok,170734
草鱼,grass-carp,一、肉蛋水产类,5. 淡水水产,ok,141876
鲤鱼,common-carp,一、肉蛋水产类,5. 淡水水产,ok,164464
鲈鱼,sea-bass,一、肉蛋水产类,5. 淡水水产,ok,172544
黑鱼,snakehead-fish,一、肉蛋水产类,5. 淡水水产,ok,183759
鲶鱼,catfish,一、肉蛋水产类,5. 淡水水产,ok,132516
鳝鱼,eel,一、肉蛋水产类,5. 淡水水产,ok,122476
泥鳅,loach,一、肉蛋水产类,5. 淡水水产,ok,127939
罗非鱼,tilapia,一、肉蛋水产类,5. 淡水水产,ok,201407
鳜鱼,mandarin-fish,一、肉蛋水产类,5. 淡水水产,ok,189798
鲢鱼,silver-carp,一、肉蛋水产类,5. 淡水水产,ok,157758
鳙鱼,bighead-carp,一、肉蛋水产类,5. 淡水水产,ok,160710
鲟鱼,sturgeon,一、肉蛋水产类,5. 淡水水产,ok,117400
甲鱼,softshell-turtle,一、肉蛋水产类,5. 淡水水产,ok,228515
河虾,river-shrimp,一、肉蛋水产类,5. 淡水水产,ok,174007
河蟹,river-crab,一、肉蛋水产类,5. 淡水水产,ok,232729
小龙虾,crayfish,一、肉蛋水产类,5. 淡水水产,ok,233386
三文鱼,salmon,一、肉蛋水产类,6. 海水鱼及海产,ok,183686
鳕鱼,cod,一、肉蛋水产类,6. 海水鱼及海产,ok,145482
带鱼,hairtail-fish,一、肉蛋水产类,6. 海水鱼及海产,ok,119624
黄鱼,yellow-croaker,一、肉蛋水产类,6. 海水鱼及海产,ok,187459
鲳鱼,pomfret,一、肉蛋水产类,6. 海水鱼及海产,ok,169823
金枪鱼,tuna,一、肉蛋水产类,6. 海水鱼及海产,ok,149528
秋刀鱼,saury,一、肉蛋水产类,6. 海水鱼及海产,ok,121202
鲭鱼,mackerel,一、肉蛋水产类,6. 海水鱼及海产,ok,143103
鳗鱼,conger-eel,一、肉蛋水产类,6. 海水鱼及海产,ok,131850
石斑鱼,grouper,一、肉蛋水产类,6. 海水鱼及海产,ok,213880
多宝鱼,turbot,一、肉蛋水产类,6. 海水鱼及海产,ok,136910
鱿鱼,squid,一、肉蛋水产类,6. 海水鱼及海产,ok,164928
墨鱼,cuttlefish,一、肉蛋水产类,6. 海水鱼及海产,ok,185015
章鱼,octopus,一、肉蛋水产类,6. 海水鱼及海产,ok,207386
海参,sea-cucumber,一、肉蛋水产类,6. 海水鱼及海产,ok,159031
海蜇,jellyfish,一、肉蛋水产类,6. 海水鱼及海产,ok,122748
干贝,dried-scallop,一、肉蛋水产类,6. 海水鱼及海产,ok,133044
鱼丸,fish-ball,一、肉蛋水产类,6. 海水鱼及海产,ok,96074
鱼豆腐,fish-tofu,一、肉蛋水产类,6. 海水鱼及海产,ok,138861
鱼片,fish-fillet,一、肉蛋水产类,6. 海水鱼及海产,ok,125162
鱼籽,fish-roe,一、肉蛋水产类,6. 海水鱼及海产,ok,197694
虾,shrimp,一、肉蛋水产类,7. 虾蟹贝类,ok,188234
虾仁,peeled-shrimp,一、肉蛋水产类,7. 虾蟹贝类,ok,136024
皮皮虾,mantis-shrimp,一、肉蛋水产类,7. 虾蟹贝类,ok,184663
龙虾,lobster,一、肉蛋水产类,7. 虾蟹贝类,ok,274903
螃蟹,crab,一、肉蛋水产类,7. 虾蟹贝类,ok,232277
蟹肉,crab-meat,一、肉蛋水产类,7. 虾蟹贝类,ok,243228
蟹棒,crab-stick,一、肉蛋水产类,7. 虾蟹贝类,ok,114308
生蚝,oyster,一、肉蛋水产类,7. 虾蟹贝类,ok,241888
扇贝,scallop,一、肉蛋水产类,7. 虾蟹贝类,ok,152542
鲍鱼,abalone,一、肉蛋水产类,7. 虾蟹贝类,ok,237976
花蛤,clam,一、肉蛋水产类,7. 虾蟹贝类,ok,209683
蛤蜊,littleneck-clam,一、肉蛋水产类,7. 虾蟹贝类,ok,166564
蛏子,razor-clam,一、肉蛋水产类,7. 虾蟹贝类,ok,136375
贻贝,mussel,一、肉蛋水产类,7. 虾蟹贝类,ok,163992
海螺,sea-snail,一、肉蛋水产类,7. 虾蟹贝类,ok,173055
大白菜,napa-cabbage,二、蔬菜类,1. 叶菜类,ok,210298
娃娃菜,baby-napa-cabbage,二、蔬菜类,1. 叶菜类,ok,172059
小白菜,bok-choy,二、蔬菜类,1. 叶菜类,ok,208967
上海青,shanghai-green,二、蔬菜类,1. 叶菜类,ok,210340
油菜,rape-greens,二、蔬菜类,1. 叶菜类,ok,253333
菠菜,spinach,二、蔬菜类,1. 叶菜类,ok,312581
生菜,lettuce,二、蔬菜类,1. 叶菜类,ok,275466
油麦菜,leaf-lettuce,二、蔬菜类,1. 叶菜类,ok,251639
空心菜,water-spinach,二、蔬菜类,1. 叶菜类,ok,268527
苋菜,amaranth,二、蔬菜类,1. 叶菜类,ok,285472
芹菜,celery,二、蔬菜类,1. 叶菜类,ok,236238
香菜,cilantro,二、蔬菜类,1. 叶菜类,ok,255695
韭菜,chives,二、蔬菜类,1. 叶菜类,ok,193448
韭黄,yellow-chives,二、蔬菜类,1. 叶菜类,ok,174186
蒜苗,garlic-sprout,二、蔬菜类,1. 叶菜类,ok,110675
大葱,scallion,二、蔬菜类,1. 叶菜类,ok,106759
小葱,spring-onion,二、蔬菜类,1. 叶菜类,ok,117236
茼蒿,crown-daisy,二、蔬菜类,1. 叶菜类,ok,220120
芥菜,mustard-greens,二、蔬菜类,1. 叶菜类,ok,269394
芥蓝,chinese-broccoli,二、蔬菜类,1. 叶菜类,ok,179557
菜心,choy-sum,二、蔬菜类,1. 叶菜类,ok,199449
羽衣甘蓝,kale,二、蔬菜类,1. 叶菜类,ok,331701
紫苏叶,perilla-leaf,二、蔬菜类,1. 叶菜类,ok,229041
香椿芽,chinese-toon-sprout,二、蔬菜类,1. 叶菜类,ok,215291
雪菜,potherb-mustard,二、蔬菜类,1. 叶菜类,ok,274868
白萝卜,daikon-radish,二、蔬菜类,2. 根茎与薯类,ok,101106
胡萝卜,carrot,二、蔬菜类,2. 根茎与薯类,ok,151394
土豆,potato,二、蔬菜类,2. 根茎与薯类,ok,156508
红薯,sweet-potato,二、蔬菜类,2. 根茎与薯类,ok,183344
紫薯,purple-sweet-potato,二、蔬菜类,2. 根茎与薯类,ok,232116
山药,chinese-yam,二、蔬菜类,2. 根茎与薯类,ok,166548
芋头,taro,二、蔬菜类,2. 根茎与薯类,ok,252694
莲藕,lotus-root,二、蔬菜类,2. 根茎与薯类,ok,166658
荸荠,water-chestnut,二、蔬菜类,2. 根茎与薯类,ok,228407
莴笋,celtuce,二、蔬菜类,2. 根茎与薯类,ok,138037
竹笋,bamboo-shoot,二、蔬菜类,2. 根茎与薯类,ok,136106
茭白,wild-rice-stem,二、蔬菜类,2. 根茎与薯类,ok,109769
洋葱,onion,二、蔬菜类,2. 根茎与薯类,ok,153540
生姜,ginger,二、蔬菜类,2. 根茎与薯类,ok,264009
大蒜,garlic,二、蔬菜类,2. 根茎与薯类,ok,129638
芦笋,asparagus,二、蔬菜类,2. 根茎与薯类,ok,82411
牛蒡,burdock,二、蔬菜类,2. 根茎与薯类,ok,181299
黄瓜,cucumber,二、蔬菜类,3. 瓜果茄椒类,ok,139637
丝瓜,loofah,二、蔬菜类,3. 瓜果茄椒类,ok,134736
苦瓜,bitter-melon,二、蔬菜类,3. 瓜果茄椒类,ok,160052
冬瓜,winter-melon,二、蔬菜类,3. 瓜果茄椒类,ok,220312
南瓜,pumpkin,二、蔬菜类,3. 瓜果茄椒类,ok,162029
西葫芦,zucchini,二、蔬菜类,3. 瓜果茄椒类,ok,195547
佛手瓜,chayote,二、蔬菜类,3. 瓜果茄椒类,ok,171699
番茄,tomato,二、蔬菜类,3. 瓜果茄椒类,ok,113547
茄子,eggplant,二、蔬菜类,3. 瓜果茄椒类,ok,136104
青椒,green-pepper,二、蔬菜类,3. 瓜果茄椒类,ok,119697
彩椒,bell-pepper,二、蔬菜类,3. 瓜果茄椒类,ok,144232
辣椒,chili-pepper,二、蔬菜类,3. 瓜果茄椒类,ok,117855
秋葵,okra,二、蔬菜类,3. 瓜果茄椒类,ok,108172
四季豆,green-beans,二、蔬菜类,4. 豆荚类,ok,106412
豇豆,long-beans,二、蔬菜类,4. 豆荚类,ok,77094
荷兰豆,snow-peas,二、蔬菜类,4. 豆荚类,ok,105293
甜豆,sugar-snap-peas,二、蔬菜类,4. 豆荚类,ok,104633
毛豆,edamame,二、蔬菜类,4. 豆荚类,ok,108624
豌豆,green-peas,二、蔬菜类,4. 豆荚类,ok,97799
蚕豆,fava-beans,二、蔬菜类,4. 豆荚类,ok,152290
黄豆芽,soybean-sprouts,二、蔬菜类,4. 豆荚类,ok,152211
绿豆芽,mung-bean-sprouts,二、蔬菜类,4. 豆荚类,ok,184609
香菇,shiitake-mushroom,二、蔬菜类,5. 菌菇类,ok,205895
平菇,oyster-mushroom,二、蔬菜类,5. 菌菇类,ok,184282
杏鲍菇,king-oyster-mushroom,二、蔬菜类,5. 菌菇类,ok,137035
金针菇,enoki-mushroom,二、蔬菜类,5. 菌菇类,ok,151921
蟹味菇,shimeji-mushroom,二、蔬菜类,5. 菌菇类,ok,187524
白玉菇,white-shimeji,二、蔬菜类,5. 菌菇类,ok,152031
口蘑,button-mushroom,二、蔬菜类,5. 菌菇类,ok,115688
草菇,straw-mushroom,二、蔬菜类,5. 菌菇类,ok,128350
木耳,wood-ear-fungus,二、蔬菜类,5. 菌菇类,ok,171703
银耳,white-fungus,二、蔬菜类,5. 菌菇类,ok,214011
茶树菇,tea-tree-mushroom,二、蔬菜类,5. 菌菇类,ok,193365
鸡腿菇,shaggy-ink-cap,二、蔬菜类,5. 菌菇类,ok,144518
海带,kelp,二、蔬菜类,6. 水生蔬菜与海藻,ok,167022
紫菜,nori,二、蔬菜类,6. 水生蔬菜与海藻,ok,292888
裙带菜,wakame,二、蔬菜类,6. 水生蔬菜与海藻,ok,225870
菱角,water-caltrop,二、蔬菜类,6. 水生蔬菜与海藻,ok,201235
莲子,lotus-seed,二、蔬菜类,6. 水生蔬菜与海藻,ok,131755
苹果,apple,三、水果及果制品,1. 鲜果,ok(已存在),220875
梨,pear,三、水果及果制品,1. 鲜果,ok,114198
香蕉,banana,三、水果及果制品,1. 鲜果,ok,94300
橙子,orange,三、水果及果制品,1. 鲜果,ok,180057
橘子,mandarin-orange,三、水果及果制品,1. 鲜果,ok,222998
柚子,pomelo,三、水果及果制品,1. 鲜果,ok,156531
柠檬,lemon,三、水果及果制品,1. 鲜果,ok,134657
青柠,lime,三、水果及果制品,1. 鲜果,ok,142055
葡萄,grape,三、水果及果制品,1. 鲜果,ok,90725
西瓜,watermelon,三、水果及果制品,1. 鲜果,ok,233719
哈密瓜,cantaloupe,三、水果及果制品,1. 鲜果,ok,353478
甜瓜,melon,三、水果及果制品,1. 鲜果,ok,204887
桃子,peach,三、水果及果制品,1. 鲜果,ok,166478
油桃,nectarine,三、水果及果制品,1. 鲜果,ok,293784
李子,plum,三、水果及果制品,1. 鲜果,ok,179006
杏,apricot,三、水果及果制品,1. 鲜果,ok,158124
樱桃,cherry,三、水果及果制品,1. 鲜果,ok,123983
草莓,strawberry,三、水果及果制品,1. 鲜果,ok,230345
蓝莓,blueberry,三、水果及果制品,1. 鲜果,ok,151618
猕猴桃,kiwi,三、水果及果制品,1. 鲜果,ok,266708
火龙果,dragon-fruit,三、水果及果制品,1. 鲜果,ok,223226
芒果,mango,三、水果及果制品,1. 鲜果,ok,158009
菠萝,pineapple,三、水果及果制品,1. 鲜果,ok,234862
木瓜,papaya,三、水果及果制品,1. 鲜果,ok,117743
榴莲,durian,三、水果及果制品,1. 鲜果,ok,325567
山竹,mangosteen,三、水果及果制品,1. 鲜果,ok,186465
荔枝,lychee,三、水果及果制品,1. 鲜果,ok,244590
龙眼,longan,三、水果及果制品,1. 鲜果,ok,175715
椰子,coconut,三、水果及果制品,1. 鲜果,ok,201853
牛油果,avocado,三、水果及果制品,1. 鲜果,ok,181898
石榴,pomegranate,三、水果及果制品,1. 鲜果,ok,220893
柿子,persimmon,三、水果及果制品,1. 鲜果,ok,140435
枣,jujube,三、水果及果制品,1. 鲜果,ok,118607
杨梅,waxberry,三、水果及果制品,1. 鲜果,ok,273424
枇杷,loquat,三、水果及果制品,1. 鲜果,ok,104931
山楂,hawthorn,三、水果及果制品,1. 鲜果,ok,211626
百香果,passion-fruit,三、水果及果制品,1. 鲜果,ok,238920
番石榴,guava,三、水果及果制品,1. 鲜果,ok,131710
杨桃,star-fruit,三、水果及果制品,1. 鲜果,ok,164477
莲雾,wax-apple,三、水果及果制品,1. 鲜果,ok,155951
红毛丹,rambutan,三、水果及果制品,1. 鲜果,ok,263865
葡萄干,raisin,三、水果及果制品,2. 果干与果制品,ok,164540
红枣干,dried-red-date,三、水果及果制品,2. 果干与果制品,ok,145557
桂圆干,dried-longan,三、水果及果制品,2. 果干与果制品,ok,137282
芒果干,dried-mango,三、水果及果制品,2. 果干与果制品,ok,253171
香蕉片,banana-chips,三、水果及果制品,2. 果干与果制品,ok,163291
椰枣,date-fruit,三、水果及果制品,2. 果干与果制品,ok,180900
柿饼,dried-persimmon,三、水果及果制品,2. 果干与果制品,ok,282644
果脯,candied-fruit,三、水果及果制品,2. 果干与果制品,ok,162021
果酱,fruit-jam,三、水果及果制品,2. 果干与果制品,ok,173004
果泥,fruit-puree,三、水果及果制品,2. 果干与果制品,ok,141620
椰果,nata-de-coco,三、水果及果制品,2. 果干与果制品,ok,93286
牛奶,milk,四、乳制品与蛋奶制品,1. 乳制品,ok,90156
酸奶,yogurt,四、乳制品与蛋奶制品,1. 乳制品,ok,88281
希腊酸奶,greek-yogurt,四、乳制品与蛋奶制品,1. 乳制品,ok,82757
奶酪,cheese,四、乳制品与蛋奶制品,1. 乳制品,ok,102351
芝士,cheddar-cheese,四、乳制品与蛋奶制品,1. 乳制品,ok,124008
黄油,butter,四、乳制品与蛋奶制品,1. 乳制品,ok,101394
奶油,cream,四、乳制品与蛋奶制品,1. 乳制品,ok,95991
淡奶油,light-cream,四、乳制品与蛋奶制品,1. 乳制品,ok,85241
炼乳,condensed-milk,四、乳制品与蛋奶制品,1. 乳制品,ok,96471
奶粉,milk-powder,四、乳制品与蛋奶制品,1. 乳制品,ok,85550
羊奶,goat-milk,四、乳制品与蛋奶制品,1. 乳制品,ok,116954
大米,rice,五、主食、谷物与薯类淀粉制品,1. 谷物与杂粮,ok(已存在),93749
糯米,glutinous-rice,五、主食、谷物与薯类淀粉制品,1. 谷物与杂粮,ok,78450
黑米,black-rice,五、主食、谷物与薯类淀粉制品,1. 谷物与杂粮,ok,114226
糙米,brown-rice,五、主食、谷物与薯类淀粉制品,1. 谷物与杂粮,ok,95821
小米,millet,五、主食、谷物与薯类淀粉制品,1. 谷物与杂粮,ok,318257
薏米,job-tears,五、主食、谷物与薯类淀粉制品,1. 谷物与杂粮,ok,117544
西米,sago,五、主食、谷物与薯类淀粉制品,1. 谷物与杂粮,ok,202423
小麦,wheat,五、主食、谷物与薯类淀粉制品,1. 谷物与杂粮,ok,113787
大麦,barley,五、主食、谷物与薯类淀粉制品,1. 谷物与杂粮,ok,149957
燕麦,oats,五、主食、谷物与薯类淀粉制品,1. 谷物与杂粮,ok,323188
荞麦,buckwheat,五、主食、谷物与薯类淀粉制品,1. 谷物与杂粮,ok,178796
藜麦,quinoa,五、主食、谷物与薯类淀粉制品,1. 谷物与杂粮,ok,238922
青稞,highland-barley,五、主食、谷物与薯类淀粉制品,1. 谷物与杂粮,ok,106815
莜麦,naked-oats,五、主食、谷物与薯类淀粉制品,1. 谷物与杂粮,ok,128708
黑麦,rye,五、主食、谷物与薯类淀粉制品,1. 谷物与杂粮,ok,267332
玉米,corn,五、主食、谷物与薯类淀粉制品,1. 谷物与杂粮,ok,160586
高粱,sorghum,五、主食、谷物与薯类淀粉制品,1. 谷物与杂粮,ok,208519
大黄米,proso-millet,五、主食、谷物与薯类淀粉制品,1. 谷物与杂粮,ok,305346
面粉,wheat-flour,五、主食、谷物与薯类淀粉制品,2. 面粉与淀粉,ok,210082
全麦粉,whole-wheat-flour,五、主食、谷物与薯类淀粉制品,2. 面粉与淀粉,ok,153552
糯米粉,glutinous-rice-flour,五、主食、谷物与薯类淀粉制品,2. 面粉与淀粉,ok,125720
粘米粉,rice-flour,五、主食、谷物与薯类淀粉制品,2. 面粉与淀粉,ok,102338
玉米淀粉,cornstarch,五、主食、谷物与薯类淀粉制品,2. 面粉与淀粉,ok,183803
红薯淀粉,sweet-potato-starch,五、主食、谷物与薯类淀粉制品,2. 面粉与淀粉,ok,210229
土豆淀粉,potato-starch,五、主食、谷物与薯类淀粉制品,2. 面粉与淀粉,ok,129286
木薯淀粉,tapioca-starch,五、主食、谷物与薯类淀粉制品,2. 面粉与淀粉,ok,148941
澄粉,wheat-starch,五、主食、谷物与薯类淀粉制品,2. 面粉与淀粉,ok,162991
藕粉,lotus-root-starch,五、主食、谷物与薯类淀粉制品,2. 面粉与淀粉,ok,93755
面条,noodles,五、主食、谷物与薯类淀粉制品,3. 面条与粉类,ok,198380
方便面,instant-noodles,五、主食、谷物与薯类淀粉制品,3. 面条与粉类,ok,299218
意面,spaghetti,五、主食、谷物与薯类淀粉制品,3. 面条与粉类,ok,77888
乌冬面,udon,五、主食、谷物与薯类淀粉制品,3. 面条与粉类,ok,175661
荞麦面,soba-noodles,五、主食、谷物与薯类淀粉制品,3. 面条与粉类,ok,232756
冷面,cold-noodles,五、主食、谷物与薯类淀粉制品,3. 面条与粉类,ok,198107
牛筋面,chewy-noodles,五、主食、谷物与薯类淀粉制品,3. 面条与粉类,ok,142599
米粉,rice-noodles,五、主食、谷物与薯类淀粉制品,3. 面条与粉类,ok,188142
米线,rice-vermicelli,五、主食、谷物与薯类淀粉制品,3. 面条与粉类,ok,227740
河粉,rice-noodle-sheet,五、主食、谷物与薯类淀粉制品,3. 面条与粉类,ok,127449
螺蛳粉,luosifen,五、主食、谷物与薯类淀粉制品,3. 面条与粉类,ok,259766
酸辣粉,hot-sour-noodles,五、主食、谷物与薯类淀粉制品,3. 面条与粉类,ok,323425
粉丝,glass-noodles,五、主食、谷物与薯类淀粉制品,3. 面条与粉类,ok,209736
粉条,starch-noodles,五、主食、谷物与薯类淀粉制品,3. 面条与粉类,ok,191955
宽粉,wide-starch-noodles,五、主食、谷物与薯类淀粉制品,3. 面条与粉类,ok,93604
土豆粉,potato-noodles,五、主食、谷物与薯类淀粉制品,3. 面条与粉类,ok,186306
红薯粉条,sweet-potato-noodles,五、主食、谷物与薯类淀粉制品,3. 面条与粉类,ok,266315
魔芋面,konjac-noodles,五、主食、谷物与薯类淀粉制品,3. 面条与粉类,ok,198458
面筋,seitan,五、主食、谷物与薯类淀粉制品,3. 面条与粉类,ok,150639
烤麸,braised-gluten,五、主食、谷物与薯类淀粉制品,3. 面条与粉类,ok,226516
饺子皮,dumpling-wrapper,五、主食、谷物与薯类淀粉制品,4. 主食皮坯与制品,ok,120771
馄饨皮,wonton-wrapper,五、主食、谷物与薯类淀粉制品,4. 主食皮坯与制品,ok,157730
春卷皮,spring-roll-wrapper,五、主食、谷物与薯类淀粉制品,4. 主食皮坯与制品,ok,136315
烧卖皮,shumai-wrapper,五、主食、谷物与薯类淀粉制品,4. 主食皮坯与制品,ok,147246
面皮,noodle-skin,五、主食、谷物与薯类淀粉制品,4. 主食皮坯与制品,ok,130449
年糕,rice-cake,五、主食、谷物与薯类淀粉制品,4. 主食皮坯与制品,ok,102523
糍粑,glutinous-rice-cake,五、主食、谷物与薯类淀粉制品,4. 主食皮坯与制品,ok,125450
饵块,erkuai,五、主食、谷物与薯类淀粉制品,4. 主食皮坯与制品,ok,115828
锅巴,crispy-rice-crust,五、主食、谷物与薯类淀粉制品,4. 主食皮坯与制品,ok,207118
麻薯,mochi,五、主食、谷物与薯类淀粉制品,4. 主食皮坯与制品,ok,156591
汤圆,tangyuan,五、主食、谷物与薯类淀粉制品,4. 主食皮坯与制品,ok,89124
元宵,yuanxiao,五、主食、谷物与薯类淀粉制品,4. 主食皮坯与制品,ok,97003
粽子,zongzi,五、主食、谷物与薯类淀粉制品,4. 主食皮坯与制品,ok,215932
饺子,dumplings,五、主食、谷物与薯类淀粉制品,4. 主食皮坯与制品,ok,122682
馄饨,wonton,五、主食、谷物与薯类淀粉制品,4. 主食皮坯与制品,ok,143150
包子,steamed-bun,五、主食、谷物与薯类淀粉制品,4. 主食皮坯与制品,ok,138721
馒头,steamed-bread,五、主食、谷物与薯类淀粉制品,4. 主食皮坯与制品,ok,125429
花卷,steamed-twisted-roll,五、主食、谷物与薯类淀粉制品,4. 主食皮坯与制品,ok,153674
窝头,cornbread-cone,五、主食、谷物与薯类淀粉制品,4. 主食皮坯与制品,ok,155491
春饼,spring-pancake,五、主食、谷物与薯类淀粉制品,4. 主食皮坯与制品,ok,205496
手抓饼,scallion-pancake,五、主食、谷物与薯类淀粉制品,4. 主食皮坯与制品,ok,270594
葱油饼,scallion-oil-pancake,五、主食、谷物与薯类淀粉制品,4. 主食皮坯与制品,ok,293165
煎饼,jianbing,五、主食、谷物与薯类淀粉制品,4. 主食皮坯与制品,ok,268583
烤冷面,grilled-cold-noodles,五、主食、谷物与薯类淀粉制品,4. 主食皮坯与制品,ok,287696
凉皮,liangpi,五、主食、谷物与薯类淀粉制品,4. 主食皮坯与制品,ok,121266
米皮,rice-noodle-skin,五、主食、谷物与薯类淀粉制品,4. 主食皮坯与制品,ok,135777
擀面皮,handmade-noodle-skin,五、主食、谷物与薯类淀粉制品,4. 主食皮坯与制品,ok,165186
酿皮,niangpi,五、主食、谷物与薯类淀粉制品,4. 主食皮坯与制品,ok,180293
黄豆,soybean,六、豆类、豆制品与植物蛋白,1. 豆类,ok,93657
黑豆,black-bean,六、豆类、豆制品与植物蛋白,1. 豆类,ok,129953
绿豆,mung-bean,六、豆类、豆制品与植物蛋白,1. 豆类,ok,102009
红豆,red-bean,六、豆类、豆制品与植物蛋白,1. 豆类,ok,121043
扁豆,hyacinth-bean,六、豆类、豆制品与植物蛋白,1. 豆类,ok,197238
芸豆,kidney-bean,六、豆类、豆制品与植物蛋白,1. 豆类,FAIL:HTTP 400 {"error":{"code":"OutputImageSensitiveContentDetected.PolicyViolation"，"message":"The request failed because the output image may be related to copyright restri,0
鹰嘴豆,chickpea,六、豆类、豆制品与植物蛋白,1. 豆类,ok,106598
眉豆,black-eyed-pea,六、豆类、豆制品与植物蛋白,1. 豆类,ok,77308
豆腐,tofu,六、豆类、豆制品与植物蛋白,2. 豆制品,ok(已存在),125133
千张,tofu-sheet,六、豆类、豆制品与植物蛋白,2. 豆制品,ok,137660
豆干,dried-tofu,六、豆类、豆制品与植物蛋白,2. 豆制品,ok,147071
腐竹,tofu-skin,六、豆类、豆制品与植物蛋白,2. 豆制品,ok,192499
豆腐丝,shredded-tofu,六、豆类、豆制品与植物蛋白,2. 豆制品,ok,252925
豆筋,tofu-strips,六、豆类、豆制品与植物蛋白,2. 豆制品,ok,263832
素鸡,vegetarian-chicken,六、豆类、豆制品与植物蛋白,2. 豆制品,ok,145679
素鸭,vegetarian-duck,六、豆类、豆制品与植物蛋白,2. 豆制品,ok,162904
素肠,vegetarian-sausage,六、豆类、豆制品与植物蛋白,2. 豆制品,ok,122050
豆浆,soy-milk,六、豆类、豆制品与植物蛋白,2. 豆制品,ok,86184
豆奶,soy-drink,六、豆类、豆制品与植物蛋白,2. 豆制品,ok,80424
豆花,tofu-pudding,六、豆类、豆制品与植物蛋白,2. 豆制品,ok,99506
豆豉,fermented-black-beans,六、豆类、豆制品与植物蛋白,2. 豆制品,ok,267657
豆腐乳,fermented-tofu,六、豆类、豆制品与植物蛋白,2. 豆制品,ok,207276
臭豆腐,stinky-tofu,六、豆类、豆制品与植物蛋白,2. 豆制品,ok,161190
纳豆,natto,六、豆类、豆制品与植物蛋白,2. 豆制品,ok,232851
核桃,walnut,七、坚果、种子与籽实,1. 坚果,ok,196808
腰果,cashew,七、坚果、种子与籽实,1. 坚果,ok,129109
花生,peanut,七、坚果、种子与籽实,1. 坚果,ok,144107
板栗,chestnut,七、坚果、种子与籽实,1. 坚果,ok,171027
白果,ginkgo-nut,七、坚果、种子与籽实,1. 坚果,ok,102227
食盐,salt,八、调料、香辛料与调味品,1. 基础调味,ok,135134
白砂糖,white-sugar,八、调料、香辛料与调味品,1. 基础调味,ok,129050
红糖,brown-sugar,八、调料、香辛料与调味品,1. 基础调味,ok,375148
冰糖,rock-sugar,八、调料、香辛料与调味品,1. 基础调味,ok,118442
蜂蜜,honey,八、调料、香辛料与调味品,1. 基础调味,ok,348170
糖粉,powdered-sugar,八、调料、香辛料与调味品,1. 基础调味,ok,128271
枫糖浆,maple-syrup,八、调料、香辛料与调味品,1. 基础调味,ok,125598
麦芽糖,maltose,八、调料、香辛料与调味品,1. 基础调味,ok,170803
味精,msg,八、调料、香辛料与调味品,1. 基础调味,ok,120392
鸡精,chicken-bouillon,八、调料、香辛料与调味品,1. 基础调味,ok,160620
味噌,miso,八、调料、香辛料与调味品,1. 基础调味,ok,176034
酱油,soy-sauce,八、调料、香辛料与调味品,2. 常用酱料,ok,106753
生抽,light-soy-sauce,八、调料、香辛料与调味品,2. 常用酱料,ok,118058
老抽,dark-soy-sauce,八、调料、香辛料与调味品,2. 常用酱料,ok,102331
醋,vinegar,八、调料、香辛料与调味品,2. 常用酱料,ok,114947
陈醋,aged-vinegar,八、调料、香辛料与调味品,2. 常用酱料,ok,105087
米醋,rice-vinegar,八、调料、香辛料与调味品,2. 常用酱料,ok,93178
白醋,white-vinegar,八、调料、香辛料与调味品,2. 常用酱料,ok,81554
蚝油,oyster-sauce,八、调料、香辛料与调味品,2. 常用酱料,ok,109755
料酒,cooking-wine,八、调料、香辛料与调味品,2. 常用酱料,ok,110891
豆瓣酱,doubanjiang,八、调料、香辛料与调味品,2. 常用酱料,ok,264299
黄豆酱,soybean-paste,八、调料、香辛料与调味品,2. 常用酱料,ok,169004
甜面酱,sweet-bean-sauce,八、调料、香辛料与调味品,2. 常用酱料,ok,121610
甜辣酱,sweet-chili-sauce,八、调料、香辛料与调味品,2. 常用酱料,ok,124553
辣椒酱,chili-sauce,八、调料、香辛料与调味品,2. 常用酱料,ok,181507
蒜蓉辣酱,garlic-chili-sauce,八、调料、香辛料与调味品,2. 常用酱料,ok,231835
腐乳,fermented-bean-curd,八、调料、香辛料与调味品,2. 常用酱料,ok,156914
番茄酱,ketchup,八、调料、香辛料与调味品,2. 常用酱料,ok,116852
沙拉酱,mayonnaise,八、调料、香辛料与调味品,2. 常用酱料,ok,85978
蛋黄酱,egg-yolk-sauce,八、调料、香辛料与调味品,2. 常用酱料,ok,83322
芥末酱,mustard-sauce,八、调料、香辛料与调味品,2. 常用酱料,ok,156975
芝麻酱,sesame-paste,八、调料、香辛料与调味品,2. 常用酱料,ok,113251
花生酱,peanut-butter,八、调料、香辛料与调味品,2. 常用酱料,ok,116149
海鲜酱,hoisin-sauce,八、调料、香辛料与调味品,2. 常用酱料,ok,103649
叉烧酱,char-siu-sauce,八、调料、香辛料与调味品,2. 常用酱料,ok,120617
咖喱酱,curry-paste,八、调料、香辛料与调味品,2. 常用酱料,ok,114680
火锅底料,hotpot-soup-base,八、调料、香辛料与调味品,2. 常用酱料,ok,306854
花生油,peanut-oil,八、调料、香辛料与调味品,3. 食用油,ok,108548
大豆油,soybean-oil,八、调料、香辛料与调味品,3. 食用油,ok,96318
菜籽油,rapeseed-oil,八、调料、香辛料与调味品,3. 食用油,ok,108118
玉米油,corn-oil,八、调料、香辛料与调味品,3. 食用油,ok,109596
葵花籽油,sunflower-oil,八、调料、香辛料与调味品,3. 食用油,ok,104630
橄榄油,olive-oil,八、调料、香辛料与调味品,3. 食用油,ok,103132
芝麻油,sesame-oil,八、调料、香辛料与调味品,3. 食用油,ok,116347
猪油,lard,八、调料、香辛料与调味品,3. 食用油,ok,139396
黑胡椒,black-pepper,八、调料、香辛料与调味品,4. 香辛料与香草,ok,160331
白胡椒,white-pepper,八、调料、香辛料与调味品,4. 香辛料与香草,ok,97495
辣椒粉,chili-powder,八、调料、香辛料与调味品,4. 香辛料与香草,ok,150655
干辣椒,dried-chili,八、调料、香辛料与调味品,4. 香辛料与香草,ok,146026
花椒,sichuan-peppercorn,八、调料、香辛料与调味品,4. 香辛料与香草,ok,107912
八角,star-anise,八、调料、香辛料与调味品,4. 香辛料与香草,ok,238661
桂皮,cassia-bark,八、调料、香辛料与调味品,4. 香辛料与香草,ok,233942
丁香,clove,八、调料、香辛料与调味品,4. 香辛料与香草,ok,136707
孜然,cumin,八、调料、香辛料与调味品,4. 香辛料与香草,ok,105347
小茴香,fennel-seed,八、调料、香辛料与调味品,4. 香辛料与香草,ok,89232
香叶,bay-leaf,八、调料、香辛料与调味品,4. 香辛料与香草,ok,194755
肉桂,cinnamon,八、调料、香辛料与调味品,4. 香辛料与香草,ok,146366
陈皮,dried-tangerine-peel,八、调料、香辛料与调味品,4. 香辛料与香草,ok,281681
姜黄粉,turmeric-powder,八、调料、香辛料与调味品,4. 香辛料与香草,ok,293629
咖喱粉,curry-powder,八、调料、香辛料与调味品,4. 香辛料与香草,ok,381300
五香粉,five-spice-powder,八、调料、香辛料与调味品,4. 香辛料与香草,ok,266913
十三香,thirteen-spice,八、调料、香辛料与调味品,4. 香辛料与香草,ok,177033
蒜粉,garlic-powder,八、调料、香辛料与调味品,4. 香辛料与香草,ok,138458
姜粉,ginger-powder,八、调料、香辛料与调味品,4. 香辛料与香草,ok,232944
洋葱粉,onion-powder,八、调料、香辛料与调味品,4. 香辛料与香草,ok,157176
罗勒,basil,八、调料、香辛料与调味品,4. 香辛料与香草,ok,244663
迷迭香,rosemary,八、调料、香辛料与调味品,4. 香辛料与香草,ok,267169
百里香,thyme,八、调料、香辛料与调味品,4. 香辛料与香草,ok,222310
牛至,oregano,八、调料、香辛料与调味品,4. 香辛料与香草,ok,282442
薄荷,mint,八、调料、香辛料与调味品,4. 香辛料与香草,ok,272585
香茅,lemongrass,八、调料、香辛料与调味品,4. 香辛料与香草,ok,118702
沙茶酱,shacha-sauce,八、调料、香辛料与调味品,5. 复合调味与腌菜,ok,132497
鱼露,fish-sauce,八、调料、香辛料与调味品,5. 复合调味与腌菜,ok,96927
照烧汁,teriyaki-sauce,八、调料、香辛料与调味品,5. 复合调味与腌菜,ok,163237
黑椒酱,black-pepper-sauce,八、调料、香辛料与调味品,5. 复合调味与腌菜,ok,132431
烧烤料,bbq-seasoning,八、调料、香辛料与调味品,5. 复合调味与腌菜,ok,266590
卤料包,braising-spice-pack,八、调料、香辛料与调味品,5. 复合调味与腌菜,ok,287512
高汤,stock,八、调料、香辛料与调味品,5. 复合调味与腌菜,ok,275699
浓汤宝,bouillon-cube,八、调料、香辛料与调味品,5. 复合调味与腌菜,ok,208233
榨菜,pickled-mustard-tuber,八、调料、香辛料与调味品,5. 复合调味与腌菜,ok,182665
泡菜,kimchi,八、调料、香辛料与调味品,5. 复合调味与腌菜,ok,303801
酸菜,pickled-cabbage,八、调料、香辛料与调味品,5. 复合调味与腌菜,ok,260745
酸豆角,pickled-long-beans,八、调料、香辛料与调味品,5. 复合调味与腌菜,ok,205967
橄榄菜,olive-vegetable,八、调料、香辛料与调味品,5. 复合调味与腌菜,ok,148107
燕麦奶,oat-milk,九、液体食物与饮品,1. 奶类与植物奶,ok,108736
杏仁奶,almond-milk,九、液体食物与饮品,1. 奶类与植物奶,ok,107693
椰奶,coconut-milk,九、液体食物与饮品,1. 奶类与植物奶,ok,282891
酸奶饮品,yogurt-drink,九、液体食物与饮品,1. 奶类与植物奶,ok,91095
苹果汁,apple-juice,九、液体食物与饮品,2. 果汁与植物饮料,ok,174770
橙汁,orange-juice,九、液体食物与饮品,2. 果汁与植物饮料,ok,167335
葡萄汁,grape-juice,九、液体食物与饮品,2. 果汁与植物饮料,ok,110290
梨汁,pear-juice,九、液体食物与饮品,2. 果汁与植物饮料,ok,101573
桃汁,peach-juice,九、液体食物与饮品,2. 果汁与植物饮料,ok,106871
菠萝汁,pineapple-juice,九、液体食物与饮品,2. 果汁与植物饮料,ok,122795
西瓜汁,watermelon-juice,九、液体食物与饮品,2. 果汁与植物饮料,ok,131685
草莓汁,strawberry-juice,九、液体食物与饮品,2. 果汁与植物饮料,ok,109428
柠檬汁,lemon-juice,九、液体食物与饮品,2. 果汁与植物饮料,ok,101312
芒果汁,mango-juice,九、液体食物与饮品,2. 果汁与植物饮料,ok,105885
椰子水,coconut-water,九、液体食物与饮品,2. 果汁与植物饮料,ok,156823
甘蔗汁,sugarcane-juice,九、液体食物与饮品,2. 果汁与植物饮料,ok,152150
胡萝卜汁,carrot-juice,九、液体食物与饮品,2. 果汁与植物饮料,ok,117276
番茄汁,tomato-juice,九、液体食物与饮品,2. 果汁与植物饮料,ok,192377
混合果汁,mixed-fruit-juice,九、液体食物与饮品,2. 果汁与植物饮料,ok,117666
果昔,fruit-smoothie,九、液体食物与饮品,2. 果汁与植物饮料,ok,126400
蜂蜜水,honey-water,九、液体食物与饮品,2. 果汁与植物饮料,ok,108619
酸梅汤,sour-plum-drink,九、液体食物与饮品,2. 果汁与植物饮料,ok,136466
绿茶,green-tea,九、液体食物与饮品,3. 茶与咖啡,ok,398055
红茶,black-tea,九、液体食物与饮品,3. 茶与咖啡,ok,402924
乌龙茶,oolong-tea,九、液体食物与饮品,3. 茶与咖啡,ok,147334
普洱茶,pu-erh-tea,九、液体食物与饮品,3. 茶与咖啡,ok,398817
抹茶,matcha,九、液体食物与饮品,3. 茶与咖啡,ok,218456
菊花茶,chrysanthemum-tea,九、液体食物与饮品,3. 茶与咖啡,ok,242025
茉莉花茶,jasmine-tea,九、液体食物与饮品,3. 茶与咖啡,ok,267484
柠檬茶,lemon-tea,九、液体食物与饮品,3. 茶与咖啡,ok,124677
奶茶,milk-tea,九、液体食物与饮品,3. 茶与咖啡,ok,92843
珍珠奶茶,bubble-tea,九、液体食物与饮品,3. 茶与咖啡,ok,132350
咖啡,coffee,九、液体食物与饮品,3. 茶与咖啡,ok,180922
美式咖啡,americano,九、液体食物与饮品,3. 茶与咖啡,ok,112897
拿铁,latte,九、液体食物与饮品,3. 茶与咖啡,ok,105704
卡布奇诺,cappuccino,九、液体食物与饮品,3. 茶与咖啡,ok,133379
摩卡,mocha,九、液体食物与饮品,3. 茶与咖啡,ok,209231
冷萃咖啡,cold-brew-coffee,九、液体食物与饮品,3. 茶与咖啡,ok,156985
可可,hot-cocoa,九、液体食物与饮品,3. 茶与咖啡,ok,212411
热巧克力,hot-chocolate,九、液体食物与饮品,3. 茶与咖啡,ok,105749
饮用水,drinking-water,九、液体食物与饮品,4. 常见饮料与汤羹,ok,91233
苏打水,soda-water,九、液体食物与饮品,4. 常见饮料与汤羹,ok,127265
汽水,soft-drink,九、液体食物与饮品,4. 常见饮料与汤羹,ok,117931
能量饮料,energy-drink,九、液体食物与饮品,4. 常见饮料与汤羹,ok,106638
运动饮料,sports-drink,九、液体食物与饮品,4. 常见饮料与汤羹,ok,132346
啤酒,beer,九、液体食物与饮品,4. 常见饮料与汤羹,ok,99953
葡萄酒,wine,九、液体食物与饮品,4. 常见饮料与汤羹,ok,170712
清酒,sake,九、液体食物与饮品,4. 常见饮料与汤羹,ok,166474
鸡尾酒,cocktail,九、液体食物与饮品,4. 常见饮料与汤羹,ok,149369
骨汤,bone-broth,九、液体食物与饮品,4. 常见饮料与汤羹,ok,108905
鸡汤,chicken-soup,九、液体食物与饮品,4. 常见饮料与汤羹,ok,257478
牛肉汤,beef-soup,九、液体食物与饮品,4. 常见饮料与汤羹,ok,267299
鱼汤,fish-soup,九、液体食物与饮品,4. 常见饮料与汤羹,ok,226694
海鲜汤,seafood-soup,九、液体食物与饮品,4. 常见饮料与汤羹,ok,339239
番茄汤,tomato-soup,九、液体食物与饮品,4. 常见饮料与汤羹,ok,189458
蘑菇汤,mushroom-soup,九、液体食物与饮品,4. 常见饮料与汤羹,ok,196841
南瓜汤,pumpkin-soup,九、液体食物与饮品,4. 常见饮料与汤羹,ok,183948
玉米汤,corn-soup,九、液体食物与饮品,4. 常见饮料与汤羹,ok,164508
紫菜蛋花汤,seaweed-egg-drop-soup,九、液体食物与饮品,4. 常见饮料与汤羹,ok,274996
味噌汤,miso-soup,九、液体食物与饮品,4. 常见饮料与汤羹,ok,160213
绿豆汤,mung-bean-soup,九、液体食物与饮品,4. 常见饮料与汤羹,ok,166660
红豆汤,red-bean-soup,九、液体食物与饮品,4. 常见饮料与汤羹,ok,167936
银耳汤,white-fungus-soup,九、液体食物与饮品,4. 常见饮料与汤羹,ok,130703
巧克力,chocolate,十、甜点、糖果与零食,1. 巧克力与糖果,ok,95980
可可粉,cocoa-powder,十、甜点、糖果与零食,1. 巧克力与糖果,ok,324878
硬糖,hard-candy,十、甜点、糖果与零食,1. 巧克力与糖果,ok,119787
软糖,gummy-candy,十、甜点、糖果与零食,1. 巧克力与糖果,ok,175835
棉花糖,marshmallow,十、甜点、糖果与零食,1. 巧克力与糖果,ok,91414
牛轧糖,nougat,十、甜点、糖果与零食,1. 巧克力与糖果,ok,172914
太妃糖,toffee,十、甜点、糖果与零食,1. 巧克力与糖果,ok,146616
焦糖,caramel,十、甜点、糖果与零食,1. 巧克力与糖果,ok,127711
奶糖,milk-candy,十、甜点、糖果与零食,1. 巧克力与糖果,ok,74443
薄荷糖,mint-candy,十、甜点、糖果与零食,1. 巧克力与糖果,ok,87978
棒棒糖,lollipop,十、甜点、糖果与零食,1. 巧克力与糖果,ok,102131
蛋糕,cake,十、甜点、糖果与零食,2. 烘焙甜点,ok,199647
巧克力蛋糕,chocolate-cake,十、甜点、糖果与零食,2. 烘焙甜点,ok,391194
布朗尼,brownie,十、甜点、糖果与零食,2. 烘焙甜点,ok,230543
饼干,biscuit,十、甜点、糖果与零食,2. 烘焙甜点,ok,215543
曲奇,cookie,十、甜点、糖果与零食,2. 烘焙甜点,ok,228961
威化饼,wafer,十、甜点、糖果与零食,2. 烘焙甜点,ok,194955
华夫饼,waffle,十、甜点、糖果与零食,2. 烘焙甜点,ok,331167
蛋挞,egg-tart,十、甜点、糖果与零食,2. 烘焙甜点,ok,193713
泡芙,cream-puff,十、甜点、糖果与零食,2. 烘焙甜点,ok,187628
甜甜圈,donut,十、甜点、糖果与零食,2. 烘焙甜点,ok,163225
派,pie,十、甜点、糖果与零食,2. 烘焙甜点,ok,175616
可颂,croissant,十、甜点、糖果与零食,2. 烘焙甜点,ok,232758
提拉米苏,tiramisu,十、甜点、糖果与零食,2. 烘焙甜点,ok,291620
芝士蛋糕,cheesecake,十、甜点、糖果与零食,2. 烘焙甜点,ok,182247
戚风蛋糕,chiffon-cake,十、甜点、糖果与零食,2. 烘焙甜点,ok,188293
马卡龙,macaron,十、甜点、糖果与零食,2. 烘焙甜点,ok,113202
蛋糕卷,swiss-roll,十、甜点、糖果与零食,2. 烘焙甜点,ok,178926
沙琪玛,sachima,十、甜点、糖果与零食,3. 中式甜食与零食,ok,315304
麻花,fried-dough-twist,十、甜点、糖果与零食,3. 中式甜食与零食,ok,196742
爆米花,popcorn,十、甜点、糖果与零食,3. 中式甜食与零食,ok,174565
薯片,potato-chips,十、甜点、糖果与零食,3. 中式甜食与零食,ok,156681
虾片,shrimp-cracker,十、甜点、糖果与零食,3. 中式甜食与零食,ok,207848
米花糖,puffed-rice-candy,十、甜点、糖果与零食,3. 中式甜食与零食,ok,183244
糖葫芦,candied-hawthorn,十、甜点、糖果与零食,3. 中式甜食与零食,ok,157555
绿豆糕,mung-bean-cake,十、甜点、糖果与零食,3. 中式甜食与零食,ok,165538
凤梨酥,pineapple-cake,十、甜点、糖果与零食,3. 中式甜食与零食,ok,228833
蛋黄酥,salted-egg-yolk-pastry,十、甜点、糖果与零食,3. 中式甜食与零食,ok,227544
雪花酥,snowflake-crisp,十、甜点、糖果与零食,3. 中式甜食与零食,ok,181810
糯米糍,glutinous-rice-ball,十、甜点、糖果与零食,3. 中式甜食与零食,ok,126084
芋圆,taro-ball,十、甜点、糖果与零食,3. 中式甜食与零食,ok,115478
龟苓膏,turtle-jelly,十、甜点、糖果与零食,3. 中式甜食与零食,ok,156130
冰淇淋,ice-cream,十、甜点、糖果与零食,4. 冷冻甜品,ok,141009
雪糕,ice-pop,十、甜点、糖果与零食,4. 冷冻甜品,ok,91607
圣代,sundae,十、甜点、糖果与零食,4. 冷冻甜品,ok,169032
刨冰,shaved-ice,十、甜点、糖果与零食,4. 冷冻甜品,ok,160811
布丁,pudding,十、甜点、糖果与零食,4. 冷冻甜品,ok,214149
果冻,jelly,十、甜点、糖果与零食,4. 冷冻甜品,ok,102942
慕斯,mousse,十、甜点、糖果与零食,4. 冷冻甜品,ok,278235
桂花,osmanthus,十一、可食用花与特殊食材,1. 可食用花与花茶,ok,266262
菊花,chrysanthemum,十一、可食用花与特殊食材,1. 可食用花与花茶,ok,213420
玫瑰花,rose,十一、可食用花与特殊食材,1. 可食用花与花茶,ok,170024
茉莉花,jasmine,十一、可食用花与特殊食材,1. 可食用花与花茶,ok,84682
洛神花,roselle,十一、可食用花与特殊食材,1. 可食用花与花茶,ok,210902
金银花,honeysuckle,十一、可食用花与特殊食材,1. 可食用花与花茶,ok,171399
洋甘菊,chamomile,十一、可食用花与特殊食材,1. 可食用花与花茶,ok,104750
蝶豆花,butterfly-pea-flower,十一、可食用花与特殊食材,1. 可食用花与花茶,ok,142789
薰衣草,lavender,十一、可食用花与特殊食材,1. 可食用花与花茶,ok,235247
槐花,sophora-flower,十一、可食用花与特殊食材,1. 可食用花与花茶,ok,180942
南瓜花,pumpkin-flower,十一、可食用花与特殊食材,1. 可食用花与花茶,ok,192220
冬虫夏草,cordyceps,十一、可食用花与特殊食材,2. 其他特殊食材,ok,119181
灵芝,reishi-mushroom,十一、可食用花与特殊食材,2. 其他特殊食材,ok,321589
酵母,yeast,十二、家庭常用添加与凝固剂,1. 膨松、发酵与凝固剂,ok,106902
泡打粉,baking-powder,十二、家庭常用添加与凝固剂,1. 膨松、发酵与凝固剂,ok,93739
小苏打,baking-soda,十二、家庭常用添加与凝固剂,1. 膨松、发酵与凝固剂,ok,83668
食用碱,edible-alkali,十二、家庭常用添加与凝固剂,1. 膨松、发酵与凝固剂,ok,137445
老面,sourdough-starter,十二、家庭常用添加与凝固剂,1. 膨松、发酵与凝固剂,ok,170277
琼脂,agar,十二、家庭常用添加与凝固剂,1. 膨松、发酵与凝固剂,ok,111755
吉利丁,gelatin,十二、家庭常用添加与凝固剂,1. 膨松、发酵与凝固剂,ok,119282
盐卤,bittern,十二、家庭常用添加与凝固剂,1. 膨松、发酵与凝固剂,ok,191191
石膏粉,gypsum-powder,十二、家庭常用添加与凝固剂,1. 膨松、发酵与凝固剂,ok,217154
酒曲,jiuqu,十二、家庭常用添加与凝固剂,1. 膨松、发酵与凝固剂,ok,186181
红曲米,red-yeast-rice,十二、家庭常用添加与凝固剂,1. 膨松、发酵与凝固剂,ok,284100
水果罐头,canned-fruit,三、水果及果制品,2. 果干与果制品,ok,40003
肉食罐头,canned-meat,一、肉蛋水产类,1. 猪肉,ok,34893
红葡萄,red-grape,三、水果及果制品,1. 鲜果,ok,37760
八宝粥,eight-treasure-porridge,五、主食、谷物与薯类淀粉制品,4. 主食皮坯与制品,ok,44760
即食麦片,instant-cereal,五、主食、谷物与薯类淀粉制品,1. 谷物与杂粮,ok,53169
